-- MySQL dump 10.13  Distrib 8.0.36, for Win64 (x86_64)
--
-- Host: 127.0.0.1    Database: web
-- ------------------------------------------------------
-- Server version	8.0.35

/*!40101 SET @OLD_CHARACTER_SET_CLIENT=@@CHARACTER_SET_CLIENT */;
/*!40101 SET @OLD_CHARACTER_SET_RESULTS=@@CHARACTER_SET_RESULTS */;
/*!40101 SET @OLD_COLLATION_CONNECTION=@@COLLATION_CONNECTION */;
/*!50503 SET NAMES utf8 */;
/*!40103 SET @OLD_TIME_ZONE=@@TIME_ZONE */;
/*!40103 SET TIME_ZONE='+00:00' */;
/*!40014 SET @OLD_UNIQUE_CHECKS=@@UNIQUE_CHECKS, UNIQUE_CHECKS=0 */;
/*!40014 SET @OLD_FOREIGN_KEY_CHECKS=@@FOREIGN_KEY_CHECKS, FOREIGN_KEY_CHECKS=0 */;
/*!40101 SET @OLD_SQL_MODE=@@SQL_MODE, SQL_MODE='NO_AUTO_VALUE_ON_ZERO' */;
/*!40111 SET @OLD_SQL_NOTES=@@SQL_NOTES, SQL_NOTES=0 */;

--
-- Table structure for table `order_items`
--

DROP TABLE IF EXISTS `order_items`;
/*!40101 SET @saved_cs_client     = @@character_set_client */;
/*!50503 SET character_set_client = utf8mb4 */;
CREATE TABLE `order_items` (
  `order_item_id` int unsigned NOT NULL AUTO_INCREMENT,
  `order_id` int unsigned NOT NULL,
  `product_id` int unsigned NOT NULL,
  `quantity` int unsigned NOT NULL,
  `price_per_item` decimal(10,2) NOT NULL,
  PRIMARY KEY (`order_item_id`),
  KEY `fk_order_items_orders` (`order_id`),
  KEY `fk_order_items_products` (`product_id`),
  CONSTRAINT `fk_order_items_orders` FOREIGN KEY (`order_id`) REFERENCES `orders` (`order_id`) ON DELETE CASCADE ON UPDATE CASCADE,
  CONSTRAINT `fk_order_items_products` FOREIGN KEY (`product_id`) REFERENCES `products` (`product_id`) ON DELETE RESTRICT ON UPDATE CASCADE
) ENGINE=InnoDB AUTO_INCREMENT=256 DEFAULT CHARSET=utf8mb4 COLLATE=utf8mb4_0900_ai_ci;
/*!40101 SET character_set_client = @saved_cs_client */;

--
-- Dumping data for table `order_items`
--

LOCK TABLES `order_items` WRITE;
/*!40000 ALTER TABLE `order_items` DISABLE KEYS */;
INSERT INTO `order_items` VALUES (1,26,2,2,999.99),(2,26,5,2,119.99),(3,26,1,2,1299.99),(4,26,3,2,349.99),(5,30,2,1,999.99),(6,30,4,2,449.99),(7,30,1,1,1299.99),(8,30,3,3,349.99),(9,41,2,1,999.99),(10,41,1,1,1299.99),(11,41,3,1,349.99),(12,49,2,3,999.99),(13,49,4,3,449.99),(14,49,1,1,1299.99),(15,20,2,3,999.99),(16,20,4,2,449.99),(17,20,1,3,1299.99),(18,20,3,3,349.99),(19,35,5,1,119.99),(20,35,1,3,1299.99),(21,47,2,3,999.99),(22,47,4,1,449.99),(23,47,1,3,1299.99),(24,47,3,2,349.99),(25,10,2,1,999.99),(26,10,4,1,449.99),(27,10,1,3,1299.99),(28,2,2,2,999.99),(29,2,1,2,1299.99),(30,24,1,2,1299.99),(31,24,3,3,349.99),(32,34,1,3,1299.99),(33,34,3,3,349.99),(34,45,2,2,999.99),(35,45,5,2,119.99),(36,45,1,1,1299.99),(37,45,3,2,349.99),(38,11,2,3,999.99),(39,11,1,3,1299.99),(40,11,3,3,349.99),(41,32,2,1,999.99),(42,32,4,2,449.99),(43,32,1,2,1299.99),(44,32,3,3,349.99),(45,27,2,1,999.99),(46,27,5,2,119.99),(47,27,4,1,449.99),(48,27,1,1,1299.99),(49,27,3,1,349.99),(50,28,2,3,999.99),(51,28,5,3,119.99),(52,28,1,2,1299.99),(53,28,3,3,349.99),(54,13,2,3,999.99),(55,13,1,3,1299.99),(56,13,3,1,349.99),(57,25,2,1,999.99),(58,25,1,3,1299.99),(59,5,2,3,999.99),(60,5,1,1,1299.99),(61,37,2,3,999.99),(62,37,4,2,449.99),(63,37,1,2,1299.99),(64,17,5,2,119.99),(65,17,1,2,1299.99),(66,17,3,1,349.99),(67,8,4,2,449.99),(68,8,1,1,1299.99),(69,31,2,1,999.99),(70,31,1,2,1299.99),(71,9,2,3,999.99),(72,9,1,2,1299.99),(73,9,3,3,349.99),(74,46,4,2,449.99),(75,46,1,2,1299.99),(76,43,2,1,999.99),(77,43,1,1,1299.99),(78,4,4,1,449.99),(79,4,1,1,1299.99),(80,33,2,2,999.99),(81,33,1,2,1299.99),(82,33,3,3,349.99),(83,12,1,2,1299.99),(84,19,4,1,449.99),(85,19,1,2,1299.99),(86,29,5,3,119.99),(87,29,1,1,1299.99),(88,29,3,3,349.99),(89,21,2,1,999.99),(90,21,1,3,1299.99),(91,21,3,1,349.99),(92,50,2,3,999.99),(93,50,4,2,449.99),(94,50,1,1,1299.99),(95,44,2,3,999.99),(96,44,1,1,1299.99),(97,14,1,2,1299.99),(98,14,3,1,349.99),(99,3,2,2,999.99),(100,3,4,3,449.99),(101,3,1,1,1299.99),(102,3,3,3,349.99),(103,23,2,2,999.99),(104,23,1,2,1299.99),(105,23,3,2,349.99),(106,40,2,3,999.99),(107,40,4,3,449.99),(108,40,1,2,1299.99),(109,7,2,2,999.99),(110,7,1,3,1299.99),(111,15,2,3,999.99),(112,15,1,2,1299.99),(113,15,3,1,349.99),(114,48,2,2,999.99),(115,48,1,3,1299.99),(116,48,3,1,349.99),(117,36,2,2,999.99),(118,36,1,2,1299.99),(119,36,3,1,349.99),(120,22,2,1,999.99),(121,22,4,3,449.99),(122,22,1,2,1299.99),(123,42,5,3,119.99),(124,42,4,1,449.99),(125,42,1,3,1299.99),(126,42,3,3,349.99),(127,1,2,3,999.99),(128,1,4,3,449.99),(129,1,1,3,1299.99),(130,1,3,3,349.99),(131,6,2,1,999.99),(132,6,1,1,1299.99),(133,6,3,1,349.99),(134,18,2,1,999.99),(135,18,5,3,119.99),(136,18,4,2,449.99),(137,18,1,3,1299.99),(138,18,3,2,349.99),(139,39,1,2,1299.99),(140,39,3,3,349.99),(141,16,2,2,999.99),(142,16,1,2,1299.99),(143,38,2,2,999.99),(144,38,5,1,119.99),(145,38,1,3,1299.99),(146,38,3,1,349.99);
/*!40000 ALTER TABLE `order_items` ENABLE KEYS */;
UNLOCK TABLES;

--
-- Table structure for table `orders`
--

DROP TABLE IF EXISTS `orders`;
/*!40101 SET @saved_cs_client     = @@character_set_client */;
/*!50503 SET character_set_client = utf8mb4 */;
CREATE TABLE `orders` (
  `order_id` int unsigned NOT NULL AUTO_INCREMENT,
  `user_id` int unsigned NOT NULL,
  `order_date` timestamp NULL DEFAULT CURRENT_TIMESTAMP,
  `total_amount` decimal(10,2) NOT NULL,
  `created_at` timestamp NULL DEFAULT CURRENT_TIMESTAMP,
  `updated_at` timestamp NULL DEFAULT CURRENT_TIMESTAMP ON UPDATE CURRENT_TIMESTAMP,
  PRIMARY KEY (`order_id`),
  KEY `fk_orders_users` (`user_id`),
  CONSTRAINT `fk_orders_users` FOREIGN KEY (`user_id`) REFERENCES `users` (`id`) ON DELETE RESTRICT ON UPDATE CASCADE
) ENGINE=InnoDB AUTO_INCREMENT=64 DEFAULT CHARSET=utf8mb4 COLLATE=utf8mb4_0900_ai_ci;
/*!40101 SET character_set_client = @saved_cs_client */;

--
-- Dumping data for table `orders`
--

LOCK TABLES `orders` WRITE;
/*!40000 ALTER TABLE `orders` DISABLE KEYS */;
INSERT INTO `orders` VALUES (1,48,'2024-12-26 04:24:37',0.00,'2024-12-26 04:24:37','2024-12-26 04:24:37'),(2,7,'2024-12-26 04:24:37',0.00,'2024-12-26 04:24:37','2024-12-26 04:24:37'),(3,40,'2024-12-26 04:24:37',0.00,'2024-12-26 04:24:37','2024-12-26 04:24:37'),(4,27,'2024-12-26 04:24:37',0.00,'2024-12-26 04:24:37','2024-12-26 04:24:37'),(5,16,'2024-12-26 04:24:37',0.00,'2024-12-26 04:24:37','2024-12-26 04:24:37'),(6,48,'2024-12-26 04:24:37',0.00,'2024-12-26 04:24:37','2024-12-26 04:24:37'),(7,43,'2024-12-26 04:24:37',0.00,'2024-12-26 04:24:37','2024-12-26 04:24:37'),(8,21,'2024-12-26 04:24:37',0.00,'2024-12-26 04:24:37','2024-12-26 04:24:37'),(9,24,'2024-12-26 04:24:37',0.00,'2024-12-26 04:24:37','2024-12-26 04:24:37'),(10,6,'2024-12-26 04:24:37',0.00,'2024-12-26 04:24:37','2024-12-26 04:24:37'),(11,10,'2024-12-26 04:24:37',0.00,'2024-12-26 04:24:37','2024-12-26 04:24:37'),(12,29,'2024-12-26 04:24:37',0.00,'2024-12-26 04:24:37','2024-12-26 04:24:37'),(13,15,'2024-12-26 04:24:37',0.00,'2024-12-26 04:24:37','2024-12-26 04:24:37'),(14,38,'2024-12-26 04:24:37',0.00,'2024-12-26 04:24:37','2024-12-26 04:24:37'),(15,43,'2024-12-26 04:24:37',0.00,'2024-12-26 04:24:37','2024-12-26 04:24:37'),(16,49,'2024-12-26 04:24:37',0.00,'2024-12-26 04:24:37','2024-12-26 04:24:37'),(17,19,'2024-12-26 04:24:37',0.00,'2024-12-26 04:24:37','2024-12-26 04:24:37'),(18,48,'2024-12-26 04:24:37',0.00,'2024-12-26 04:24:37','2024-12-26 04:24:37'),(19,29,'2024-12-26 04:24:37',0.00,'2024-12-26 04:24:37','2024-12-26 04:24:37'),(20,4,'2024-12-26 04:24:37',0.00,'2024-12-26 04:24:37','2024-12-26 04:24:37'),(21,32,'2024-12-26 04:24:37',0.00,'2024-12-26 04:24:37','2024-12-26 04:24:37'),(22,47,'2024-12-26 04:24:37',0.00,'2024-12-26 04:24:37','2024-12-26 04:24:37'),(23,40,'2024-12-26 04:24:37',0.00,'2024-12-26 04:24:37','2024-12-26 04:24:37'),(24,7,'2024-12-26 04:24:37',0.00,'2024-12-26 04:24:37','2024-12-26 04:24:37'),(25,15,'2024-12-26 04:24:37',0.00,'2024-12-26 04:24:37','2024-12-26 04:24:37'),(26,2,'2024-12-26 04:24:37',0.00,'2024-12-26 04:24:37','2024-12-26 04:24:37'),(27,14,'2024-12-26 04:24:37',0.00,'2024-12-26 04:24:37','2024-12-26 04:24:37'),(28,14,'2024-12-26 04:24:37',0.00,'2024-12-26 04:24:37','2024-12-26 04:24:37'),(29,29,'2024-12-26 04:24:37',0.00,'2024-12-26 04:24:37','2024-12-26 04:24:37'),(30,2,'2024-12-26 04:24:37',0.00,'2024-12-26 04:24:37','2024-12-26 04:24:37'),(31,23,'2024-12-26 04:24:37',0.00,'2024-12-26 04:24:37','2024-12-26 04:24:37'),(32,10,'2024-12-26 04:24:37',0.00,'2024-12-26 04:24:37','2024-12-26 04:24:37'),(33,27,'2024-12-26 04:24:37',0.00,'2024-12-26 04:24:37','2024-12-26 04:24:37'),(34,7,'2024-12-26 04:24:37',0.00,'2024-12-26 04:24:37','2024-12-26 04:24:37'),(35,4,'2024-12-26 04:24:37',0.00,'2024-12-26 04:24:37','2024-12-26 04:24:37'),(36,46,'2024-12-26 04:24:37',0.00,'2024-12-26 04:24:37','2024-12-26 04:24:37'),(37,18,'2024-12-26 04:24:37',0.00,'2024-12-26 04:24:37','2024-12-26 04:24:37'),(38,50,'2024-12-26 04:24:37',0.00,'2024-12-26 04:24:37','2024-12-26 04:24:37'),(39,48,'2024-12-26 04:24:37',0.00,'2024-12-26 04:24:37','2024-12-26 04:24:37'),(40,40,'2024-12-26 04:24:37',0.00,'2024-12-26 04:24:37','2024-12-26 04:24:37'),(41,3,'2024-12-26 04:24:37',0.00,'2024-12-26 04:24:37','2024-12-26 04:24:37'),(42,47,'2024-12-26 04:24:37',0.00,'2024-12-26 04:24:37','2024-12-26 04:24:37'),(43,26,'2024-12-26 04:24:37',0.00,'2024-12-26 04:24:37','2024-12-26 04:24:37'),(44,37,'2024-12-26 04:24:37',0.00,'2024-12-26 04:24:37','2024-12-26 04:24:37'),(45,7,'2024-12-26 04:24:37',0.00,'2024-12-26 04:24:37','2024-12-26 04:24:37'),(46,25,'2024-12-26 04:24:37',0.00,'2024-12-26 04:24:37','2024-12-26 04:24:37'),(47,4,'2024-12-26 04:24:37',0.00,'2024-12-26 04:24:37','2024-12-26 04:24:37'),(48,43,'2024-12-26 04:24:37',0.00,'2024-12-26 04:24:37','2024-12-26 04:24:37'),(49,3,'2024-12-26 04:24:37',0.00,'2024-12-26 04:24:37','2024-12-26 04:24:37'),(50,36,'2024-12-26 04:24:37',0.00,'2024-12-26 04:24:37','2024-12-26 04:24:37');
/*!40000 ALTER TABLE `orders` ENABLE KEYS */;
UNLOCK TABLES;

--
-- Table structure for table `products`
--

DROP TABLE IF EXISTS `products`;
/*!40101 SET @saved_cs_client     = @@character_set_client */;
/*!50503 SET character_set_client = utf8mb4 */;
CREATE TABLE `products` (
  `product_id` int unsigned NOT NULL AUTO_INCREMENT,
  `name` varchar(255) NOT NULL,
  `description` text,
  `price` decimal(10,2) NOT NULL,
  `image_url` varchar(255) DEFAULT NULL,
  `created_at` timestamp NULL DEFAULT CURRENT_TIMESTAMP,
  `updated_at` timestamp NULL DEFAULT CURRENT_TIMESTAMP ON UPDATE CURRENT_TIMESTAMP,
  PRIMARY KEY (`product_id`)
) ENGINE=InnoDB AUTO_INCREMENT=99 DEFAULT CHARSET=utf8mb4 COLLATE=utf8mb4_0900_ai_ci;
/*!40101 SET character_set_client = @saved_cs_client */;

--
-- Dumping data for table `products`
--

LOCK TABLES `products` WRITE;
/*!40000 ALTER TABLE `products` DISABLE KEYS */;
INSERT INTO `products` VALUES (1,'Ноутбук Dell XPS 13','Ультрабук с 13-дюймовым экраном',1299.99,'/images/dell_xps_13.jpg','2024-12-26 04:19:17','2024-12-26 04:19:17'),(2,'Смартфон Samsung Galaxy S23','Флагманский смартфон от Samsung',999.99,'/images/samsung_s23.jpg','2024-12-26 04:19:17','2024-12-26 04:19:17'),(3,'Наушники Sony WH-1000XM5','Беспроводные наушники с шумоподавлением',349.99,'/images/sony_wh_1000xm5.jpg','2024-12-26 04:19:17','2024-12-26 04:19:17'),(4,'Монитор LG 27UL850','4K монитор с диагональю 27 дюймов',449.99,'/images/lg_27ul850.jpg','2024-12-26 04:19:17','2024-12-26 04:19:17'),(5,'Клавиатура Logitech MX Keys','Беспроводная клавиатура',119.99,'/images/logitech_mx_keys.jpg','2024-12-26 04:19:17','2024-12-26 04:19:17'),(6,'Мышь Logitech MX Master 3','Беспроводная мышь',99.99,'/images/logitech_mx_master_3.jpg','2024-12-26 04:19:17','2024-12-26 04:19:17'),(7,'Планшет Apple iPad Pro','Планшет от Apple с 12.9-дюймовым экраном',1099.99,'/images/apple_ipad_pro.jpg','2024-12-26 04:19:17','2024-12-26 04:19:17'),(8,'Умные часы Apple Watch Series 8','Умные часы от Apple',429.99,'/images/apple_watch_series_8.jpg','2024-12-26 04:19:17','2024-12-26 04:19:17'),(9,'Рюкзак Thule Subterra','Рюкзак для ноутбука',149.99,'/images/thule_subterra.jpg','2024-12-26 04:19:17','2024-12-26 04:19:17'),(10,'Жесткий диск Seagate 2TB','Внешний жесткий диск 2Тб',79.99,'/images/seagate_2tb.jpg','2024-12-26 04:19:17','2024-12-26 04:19:17'),(11,'Книга \"Гарри Поттер и философский камень\"','Первая книга из серии про Гарри Поттера',15.99,'/images/harry_potter_1.jpg','2024-12-26 04:19:17','2024-12-26 04:19:17'),(12,'Кружка керамическая','Керамическая кружка с принтом',9.99,'/images/ceramic_mug.jpg','2024-12-26 04:19:17','2024-12-26 04:19:17'),(13,'Футболка хлопковая','Хлопковая футболка разных цветов',19.99,'/images/cotton_tshirt.jpg','2024-12-26 04:19:17','2024-12-26 04:19:17'),(14,'Кроссовки Nike Air Max','Спортивные кроссовки Nike',129.99,'/images/nike_air_max.jpg','2024-12-26 04:19:17','2024-12-26 04:19:17'),(15,'Джинсы Levi\'s 501','Классические джинсы Levi\'s',79.99,'/images/levis_501.jpg','2024-12-26 04:19:17','2024-12-26 04:19:17'),(16,'Зонт трость','Зонт-трость черного цвета',29.99,'/images/umbrella_cane.jpg','2024-12-26 04:19:17','2024-12-26 04:19:17'),(17,'Кошелек кожаный','Кожаный кошелек для карт',49.99,'/images/leather_wallet.jpg','2024-12-26 04:19:17','2024-12-26 04:19:17'),(18,'Ремень кожаный','Кожаный ремень для брюк',39.99,'/images/leather_belt.jpg','2024-12-26 04:19:17','2024-12-26 04:19:17'),(19,'Шапка вязаная','Вязаная шапка для зимы',24.99,'/images/knitted_hat.jpg','2024-12-26 04:19:17','2024-12-26 04:19:17'),(20,'Шарф шерстяной','Шерстяной шарф разных цветов',34.99,'/images/wool_scarf.jpg','2024-12-26 04:19:17','2024-12-26 04:19:17'),(21,'Сковорода Tefal','Сковорода с антипригарным покрытием',59.99,'/images/tefal_pan.jpg','2024-12-26 04:19:17','2024-12-26 04:19:17'),(22,'Набор кастрюль','Набор из трех кастрюль разных размеров',129.99,'/images/pots_set.jpg','2024-12-26 04:19:17','2024-12-26 04:19:17'),(23,'Чайник электрический','Электрический чайник из нержавеющей стали',49.99,'/images/electric_kettle.jpg','2024-12-26 04:19:17','2024-12-26 04:19:17'),(24,'Кофеварка капсульная','Капсульная кофеварка для дома',89.99,'/images/capsule_coffee_maker.jpg','2024-12-26 04:19:17','2024-12-26 04:19:17'),(25,'Блендер погружной','Погружной блендер для приготовления смузи',49.99,'/images/immersion_blender.jpg','2024-12-26 04:19:17','2024-12-26 04:19:17'),(26,'Миксер ручной','Ручной миксер для взбивания',39.99,'/images/hand_mixer.jpg','2024-12-26 04:19:17','2024-12-26 04:19:17'),(27,'Тостер на 2 тоста','Тостер на 2 тоста',29.99,'/images/toaster.jpg','2024-12-26 04:19:17','2024-12-26 04:19:17'),(28,'Хлебопечка','Хлебопечка для домашнего хлеба',99.99,'/images/bread_maker.jpg','2024-12-26 04:19:17','2024-12-26 04:19:17'),(29,'Утюг паровой','Паровой утюг для глажки',69.99,'/images/steam_iron.jpg','2024-12-26 04:19:17','2024-12-26 04:19:17'),(30,'Пылесос','Пылесос для уборки дома',199.99,'/images/vacuum_cleaner.jpg','2024-12-26 04:19:17','2024-12-26 04:19:17'),(31,'Телевизор Samsung 55 дюймов','Смарт-телевизор с 55-дюймовым экраном',599.99,'/images/samsung_tv.jpg','2024-12-26 04:19:17','2024-12-26 04:19:17'),(32,'Игровая консоль PlayStation 5','Игровая консоль от Sony',499.99,'/images/playstation_5.jpg','2024-12-26 04:19:17','2024-12-26 04:19:17'),(33,'Наушники Razer Kraken','Игровые наушники от Razer',79.99,'/images/razer_kraken.jpg','2024-12-26 04:19:17','2024-12-26 04:19:17'),(34,'Игровая мышь Logitech G502','Игровая мышь от Logitech',59.99,'/images/logitech_g502.jpg','2024-12-26 04:19:17','2024-12-26 04:19:17'),(35,'Игровая клавиатура HyperX Alloy FPS','Игровая клавиатура от HyperX',99.99,'/images/hyperx_keyboard.jpg','2024-12-26 04:19:17','2024-12-26 04:19:17'),(36,'Веб-камера Logitech C920','Веб-камера для видеозвонков',79.99,'/images/logitech_c920.jpg','2024-12-26 04:19:17','2024-12-26 04:19:17'),(37,'Микрофон Blue Yeti','USB микрофон для записи звука',129.99,'/images/blue_yeti.jpg','2024-12-26 04:19:17','2024-12-26 04:19:17'),(38,'Колонки 2.1 Logitech','Колонки для компьютера 2.1',69.99,'/images/logitech_speakers.jpg','2024-12-26 04:19:17','2024-12-26 04:19:17'),(39,'Роутер TP-Link Archer C6','Беспроводной роутер от TP-Link',39.99,'/images/tplink_router.jpg','2024-12-26 04:19:17','2024-12-26 04:19:17'),(40,'Принтер Canon Pixma','Принтер струйный цветной',89.99,'/images/canon_printer.jpg','2024-12-26 04:19:17','2024-12-26 04:19:17'),(41,'Бумага для принтера A4','Бумага для принтера A4',7.99,'/images/a4_paper.jpg','2024-12-26 04:19:17','2024-12-26 04:19:17'),(42,'Картридж для принтера','Картридж для принтера HP',29.99,'/images/printer_cartridge.jpg','2024-12-26 04:19:17','2024-12-26 04:19:17'),(43,'Флешка USB 3.0 64GB','Флешка USB 3.0 64GB',14.99,'/images/usb_flash_drive.jpg','2024-12-26 04:19:17','2024-12-26 04:19:17'),(44,'Powerbank 10000mAh','Внешний аккумулятор на 10000mAh',24.99,'/images/powerbank.jpg','2024-12-26 04:19:17','2024-12-26 04:19:17'),(45,'Кабель USB Type-C','Кабель USB Type-C для зарядки',5.99,'/images/usb_typec_cable.jpg','2024-12-26 04:19:17','2024-12-26 04:19:17'),(46,'Зарядное устройство USB','Зарядное устройство с несколькими портами USB',19.99,'/images/usb_charger.jpg','2024-12-26 04:19:17','2024-12-26 04:19:17'),(47,'Сумка для ноутбука','Сумка для ноутбука 15.6 дюймов',39.99,'/images/laptop_bag.jpg','2024-12-26 04:19:17','2024-12-26 04:19:17'),(48,'Чехол для телефона','Силиконовый чехол для телефона',9.99,'/images/phone_case.jpg','2024-12-26 04:19:17','2024-12-26 04:19:17'),(49,'Защитное стекло','Защитное стекло для экрана телефона',7.99,'/images/screen_protector.jpg','2024-12-26 04:19:17','2024-12-26 04:19:17'),(50,'Ноутбук Dell XPS 13','Ультрабук с 13-дюймовым экраном',1299.99,'/images/dell_xps_13.jpg','2024-12-26 04:19:22','2024-12-26 04:19:22'),(51,'Смартфон Samsung Galaxy S23','Флагманский смартфон от Samsung',999.99,'/images/samsung_s23.jpg','2024-12-26 04:19:22','2024-12-26 04:19:22'),(52,'Наушники Sony WH-1000XM5','Беспроводные наушники с шумоподавлением',349.99,'/images/sony_wh_1000xm5.jpg','2024-12-26 04:19:22','2024-12-26 04:19:22'),(53,'Монитор LG 27UL850','4K монитор с диагональю 27 дюймов',449.99,'/images/lg_27ul850.jpg','2024-12-26 04:19:22','2024-12-26 04:19:22'),(54,'Клавиатура Logitech MX Keys','Беспроводная клавиатура',119.99,'/images/logitech_mx_keys.jpg','2024-12-26 04:19:22','2024-12-26 04:19:22'),(55,'Мышь Logitech MX Master 3','Беспроводная мышь',99.99,'/images/logitech_mx_master_3.jpg','2024-12-26 04:19:22','2024-12-26 04:19:22'),(56,'Планшет Apple iPad Pro','Планшет от Apple с 12.9-дюймовым экраном',1099.99,'/images/apple_ipad_pro.jpg','2024-12-26 04:19:22','2024-12-26 04:19:22'),(57,'Умные часы Apple Watch Series 8','Умные часы от Apple',429.99,'/images/apple_watch_series_8.jpg','2024-12-26 04:19:22','2024-12-26 04:19:22'),(58,'Рюкзак Thule Subterra','Рюкзак для ноутбука',149.99,'/images/thule_subterra.jpg','2024-12-26 04:19:22','2024-12-26 04:19:22'),(59,'Жесткий диск Seagate 2TB','Внешний жесткий диск 2Тб',79.99,'/images/seagate_2tb.jpg','2024-12-26 04:19:22','2024-12-26 04:19:22'),(60,'Книга \"Гарри Поттер и философский камень\"','Первая книга из серии про Гарри Поттера',15.99,'/images/harry_potter_1.jpg','2024-12-26 04:19:22','2024-12-26 04:19:22'),(61,'Кружка керамическая','Керамическая кружка с принтом',9.99,'/images/ceramic_mug.jpg','2024-12-26 04:19:22','2024-12-26 04:19:22'),(62,'Футболка хлопковая','Хлопковая футболка разных цветов',19.99,'/images/cotton_tshirt.jpg','2024-12-26 04:19:22','2024-12-26 04:19:22'),(63,'Кроссовки Nike Air Max','Спортивные кроссовки Nike',129.99,'/images/nike_air_max.jpg','2024-12-26 04:19:22','2024-12-26 04:19:22'),(64,'Джинсы Levi\'s 501','Классические джинсы Levi\'s',79.99,'/images/levis_501.jpg','2024-12-26 04:19:22','2024-12-26 04:19:22'),(65,'Зонт трость','Зонт-трость черного цвета',29.99,'/images/umbrella_cane.jpg','2024-12-26 04:19:22','2024-12-26 04:19:22'),(66,'Кошелек кожаный','Кожаный кошелек для карт',49.99,'/images/leather_wallet.jpg','2024-12-26 04:19:22','2024-12-26 04:19:22'),(67,'Ремень кожаный','Кожаный ремень для брюк',39.99,'/images/leather_belt.jpg','2024-12-26 04:19:22','2024-12-26 04:19:22'),(68,'Шапка вязаная','Вязаная шапка для зимы',24.99,'/images/knitted_hat.jpg','2024-12-26 04:19:22','2024-12-26 04:19:22'),(69,'Шарф шерстяной','Шерстяной шарф разных цветов',34.99,'/images/wool_scarf.jpg','2024-12-26 04:19:22','2024-12-26 04:19:22'),(70,'Сковорода Tefal','Сковорода с антипригарным покрытием',59.99,'/images/tefal_pan.jpg','2024-12-26 04:19:22','2024-12-26 04:19:22'),(71,'Набор кастрюль','Набор из трех кастрюль разных размеров',129.99,'/images/pots_set.jpg','2024-12-26 04:19:22','2024-12-26 04:19:22'),(72,'Чайник электрический','Электрический чайник из нержавеющей стали',49.99,'/images/electric_kettle.jpg','2024-12-26 04:19:22','2024-12-26 04:19:22'),(73,'Кофеварка капсульная','Капсульная кофеварка для дома',89.99,'/images/capsule_coffee_maker.jpg','2024-12-26 04:19:22','2024-12-26 04:19:22'),(74,'Блендер погружной','Погружной блендер для приготовления смузи',49.99,'/images/immersion_blender.jpg','2024-12-26 04:19:22','2024-12-26 04:19:22'),(75,'Миксер ручной','Ручной миксер для взбивания',39.99,'/images/hand_mixer.jpg','2024-12-26 04:19:22','2024-12-26 04:19:22'),(76,'Тостер на 2 тоста','Тостер на 2 тоста',29.99,'/images/toaster.jpg','2024-12-26 04:19:22','2024-12-26 04:19:22'),(77,'Хлебопечка','Хлебопечка для домашнего хлеба',99.99,'/images/bread_maker.jpg','2024-12-26 04:19:22','2024-12-26 04:19:22'),(78,'Утюг паровой','Паровой утюг для глажки',69.99,'/images/steam_iron.jpg','2024-12-26 04:19:22','2024-12-26 04:19:22'),(79,'Пылесос','Пылесос для уборки дома',199.99,'/images/vacuum_cleaner.jpg','2024-12-26 04:19:22','2024-12-26 04:19:22'),(80,'Телевизор Samsung 55 дюймов','Смарт-телевизор с 55-дюймовым экраном',599.99,'/images/samsung_tv.jpg','2024-12-26 04:19:22','2024-12-26 04:19:22'),(81,'Игровая консоль PlayStation 5','Игровая консоль от Sony',499.99,'/images/playstation_5.jpg','2024-12-26 04:19:22','2024-12-26 04:19:22'),(82,'Наушники Razer Kraken','Игровые наушники от Razer',79.99,'/images/razer_kraken.jpg','2024-12-26 04:19:22','2024-12-26 04:19:22'),(83,'Игровая мышь Logitech G502','Игровая мышь от Logitech',59.99,'/images/logitech_g502.jpg','2024-12-26 04:19:22','2024-12-26 04:19:22'),(84,'Игровая клавиатура HyperX Alloy FPS','Игровая клавиатура от HyperX',99.99,'/images/hyperx_keyboard.jpg','2024-12-26 04:19:22','2024-12-26 04:19:22'),(85,'Веб-камера Logitech C920','Веб-камера для видеозвонков',79.99,'/images/logitech_c920.jpg','2024-12-26 04:19:22','2024-12-26 04:19:22'),(86,'Микрофон Blue Yeti','USB микрофон для записи звука',129.99,'/images/blue_yeti.jpg','2024-12-26 04:19:22','2024-12-26 04:19:22'),(87,'Колонки 2.1 Logitech','Колонки для компьютера 2.1',69.99,'/images/logitech_speakers.jpg','2024-12-26 04:19:22','2024-12-26 04:19:22'),(88,'Роутер TP-Link Archer C6','Беспроводной роутер от TP-Link',39.99,'/images/tplink_router.jpg','2024-12-26 04:19:22','2024-12-26 04:19:22'),(89,'Принтер Canon Pixma','Принтер струйный цветной',89.99,'/images/canon_printer.jpg','2024-12-26 04:19:22','2024-12-26 04:19:22'),(90,'Бумага для принтера A4','Бумага для принтера A4',7.99,'/images/a4_paper.jpg','2024-12-26 04:19:22','2024-12-26 04:19:22'),(91,'Картридж для принтера','Картридж для принтера HP',29.99,'/images/printer_cartridge.jpg','2024-12-26 04:19:22','2024-12-26 04:19:22'),(92,'Флешка USB 3.0 64GB','Флешка USB 3.0 64GB',14.99,'/images/usb_flash_drive.jpg','2024-12-26 04:19:22','2024-12-26 04:19:22'),(93,'Powerbank 10000mAh','Внешний аккумулятор на 10000mAh',24.99,'/images/powerbank.jpg','2024-12-26 04:19:22','2024-12-26 04:19:22'),(94,'Кабель USB Type-C','Кабель USB Type-C для зарядки',5.99,'/images/usb_typec_cable.jpg','2024-12-26 04:19:22','2024-12-26 04:19:22'),(95,'Зарядное устройство USB','Зарядное устройство с несколькими портами USB',19.99,'/images/usb_charger.jpg','2024-12-26 04:19:22','2024-12-26 04:19:22'),(96,'Сумка для ноутбука','Сумка для ноутбука 15.6 дюймов',39.99,'/images/laptop_bag.jpg','2024-12-26 04:19:22','2024-12-26 04:19:22'),(97,'Чехол для телефона','Силиконовый чехол для телефона',9.99,'/images/phone_case.jpg','2024-12-26 04:19:22','2024-12-26 04:19:22'),(98,'Защитное стекло','Защитное стекло для экрана телефона',7.99,'/images/screen_protector.jpg','2024-12-26 04:19:22','2024-12-26 04:19:22');
/*!40000 ALTER TABLE `products` ENABLE KEYS */;
UNLOCK TABLES;

--
-- Table structure for table `users`
--

DROP TABLE IF EXISTS `users`;
/*!40101 SET @saved_cs_client     = @@character_set_client */;
/*!50503 SET character_set_client = utf8mb4 */;
CREATE TABLE `users` (
  `id` int unsigned NOT NULL AUTO_INCREMENT,
  `last_name` varchar(255) NOT NULL,
  `first_name` varchar(255) NOT NULL,
  `middle_name` varchar(255) DEFAULT NULL,
  `phone_number` varchar(20) DEFAULT NULL,
  `city` varchar(255) DEFAULT NULL,
  `login` varchar(255) NOT NULL,
  `password` varchar(255) NOT NULL,
  `created_at` timestamp NULL DEFAULT CURRENT_TIMESTAMP,
  `updated_at` timestamp NULL DEFAULT CURRENT_TIMESTAMP ON UPDATE CURRENT_TIMESTAMP,
  PRIMARY KEY (`id`),
  UNIQUE KEY `login` (`login`)
) ENGINE=InnoDB AUTO_INCREMENT=51 DEFAULT CHARSET=utf8mb4 COLLATE=utf8mb4_0900_ai_ci;
/*!40101 SET character_set_client = @saved_cs_client */;

--
-- Dumping data for table `users`
--

LOCK TABLES `users` WRITE;
/*!40000 ALTER TABLE `users` DISABLE KEYS */;
INSERT INTO `users` VALUES (1,'Иванов','Иван','Иванович','+79123456789','Москва','ivanov1','password123','2024-12-26 04:19:02','2024-12-26 04:19:02'),(2,'Петров','Петр','Петрович','+79234567890','Санкт-Петербург','petrov2','securepass','2024-12-26 04:19:02','2024-12-26 04:19:02'),(3,'Сидоров','Сидор','Сидорович','+79345678901','Новосибирск','sidorov3','mysecret','2024-12-26 04:19:02','2024-12-26 04:19:02'),(4,'Козлов','Андрей','Васильевич','+79456789012','Екатеринбург','kozlov4','strongpass','2024-12-26 04:19:02','2024-12-26 04:19:02'),(5,'Смирнов','Дмитрий','Сергеевич','+79567890123','Казань','smirnov5','pass1234','2024-12-26 04:19:02','2024-12-26 04:19:02'),(6,'Соколов','Евгений','Алексеевич','+79678901234','Нижний Новгород','sokolov6','goodpass','2024-12-26 04:19:02','2024-12-26 04:19:02'),(7,'Попов','Алексей','Михайлович','+79789012345','Челябинск','popov7','myPass123','2024-12-26 04:19:02','2024-12-26 04:19:02'),(8,'Лебедев','Сергей','Николаевич','+79890123456','Омск','lebedev8','pass8901','2024-12-26 04:19:02','2024-12-26 04:19:02'),(9,'Морозов','Владимир','Андреевич','+79901234567','Самара','morozov9','secure987','2024-12-26 04:19:02','2024-12-26 04:19:02'),(10,'Волков','Павел','Дмитриевич','+79012345678','Ростов-на-Дону','volkov10','hardpass','2024-12-26 04:19:02','2024-12-26 04:19:02'),(11,'Кузнецов','Максим','Александрович','+79123457890','Уфа','kuznetsov11','maxpass','2024-12-26 04:19:02','2024-12-26 04:19:02'),(12,'Васильев','Игорь','Анатольевич','+79234578901','Красноярск','vasilev12','igorsPass','2024-12-26 04:19:02','2024-12-26 04:19:02'),(13,'Николаев','Антон','Сергеевич','+79345789012','Воронеж','nikolaev13','antonsPass','2024-12-26 04:19:02','2024-12-26 04:19:02'),(14,'Зайцев','Олег','Иванович','+79456789123','Пермь','zaytsev14','olegsPass','2024-12-26 04:19:02','2024-12-26 04:19:02'),(15,'Фёдоров','Роман','Викторович','+79567891234','Волгоград','fedorov15','romansPass','2024-12-26 04:19:02','2024-12-26 04:19:02'),(16,'Ершов','Кирилл','Андреевич','+79678912345','Краснодар','ershov16','kirillsPass','2024-12-26 04:19:02','2024-12-26 04:19:02'),(17,'Соловьёв','Глеб','Алексеевич','+79789123456','Саратов','solovyov17','glebsPass','2024-12-26 04:19:02','2024-12-26 04:19:02'),(18,'Белов','Денис','Михайлович','+79891234567','Тюмень','belov18','denisPass','2024-12-26 04:19:02','2024-12-26 04:19:02'),(19,'Григорьев','Станислав','Сергеевич','+79901234678','Тольятти','grigoryev19','stanisPass','2024-12-26 04:19:02','2024-12-26 04:19:02'),(20,'Андреев','Вадим','Валерьевич','+79012346789','Ижевск','andreev20','vadimsPass','2024-12-26 04:19:02','2024-12-26 04:19:02'),(21,'Степанов','Виктор','Петрович','+79123467890','Барнаул','stepanov21','victorsPass','2024-12-26 04:19:02','2024-12-26 04:19:02'),(22,'Александров','Юрий','Анатольевич','+79234568901','Ульяновск','alexandrov22','yurisPass','2024-12-26 04:19:02','2024-12-26 04:19:02'),(23,'Максимов','Руслан','Игоревич','+79345689012','Иркутск','maximov23','ruslansPass','2024-12-26 04:19:02','2024-12-26 04:19:02'),(24,'Громов','Артем','Дмитриевич','+79456789013','Хабаровск','gromov24','artemsPass','2024-12-26 04:19:02','2024-12-26 04:19:02'),(25,'Денисов','Илья','Владимирович','+79567891235','Ярославль','denisov25','ilyasPass','2024-12-26 04:19:02','2024-12-26 04:19:02'),(26,'Жуков','Даниил','Александрович','+79678912346','Владивосток','zhukov26','danielsPass','2024-12-26 04:19:02','2024-12-26 04:19:02'),(27,'Новиков','Михаил','Андреевич','+79789123457','Махачкала','novikov27','mishasPass','2024-12-26 04:19:02','2024-12-26 04:19:02'),(28,'Кузьмин','Никита','Сергеевич','+79891234568','Оренбург','kuzmin28','nikitasPass','2024-12-26 04:19:02','2024-12-26 04:19:02'),(29,'Тимофеев','Иван','Михайлович','+79901234679','Кемерово','timofeev29','ivansPass','2024-12-26 04:19:02','2024-12-26 04:19:02'),(30,'Сергеев','Александр','Вадимович','+79012346790','Новокузнецк','sergeev30','sashasPass','2024-12-26 04:19:02','2024-12-26 04:19:02'),(31,'Романов','Павел','Юрьевич','+79123467801','Рязань','romanov31','pashasPass','2024-12-26 04:19:02','2024-12-26 04:19:02'),(32,'Беляев','Кирилл','Игоревич','+79234578912','Астрахань','belyaev32','kirillsPass','2024-12-26 04:19:02','2024-12-26 04:19:02'),(33,'Егоров','Никита','Олегович','+79345789234','Пенза','egorov33','nikitasPass','2024-12-26 04:19:02','2024-12-26 04:19:02'),(34,'Ильин','Максим','Анатольевич','+79456790345','Липецк','ilyin34','maximsPass','2024-12-26 04:19:02','2024-12-26 04:19:02'),(35,'Михайлов','Дмитрий','Сергеевич','+79567891456','Тула','mikhailov35','dimasPass','2024-12-26 04:19:02','2024-12-26 04:19:02'),(36,'Федотов','Антон','Алексеевич','+79678912567','Киров','fedotov36','antonsPass','2024-12-26 04:19:02','2024-12-26 04:19:02'),(37,'Борисов','Роман','Михайлович','+79789123678','Чебоксары','borisov37','romansPass','2024-12-26 04:19:02','2024-12-26 04:19:02'),(38,'Сорокин','Александр','Юрьевич','+79891234789','Курск','sorokin38','sashasPass','2024-12-26 04:19:02','2024-12-26 04:19:02'),(39,'Павлов','Владислав','Игоревич','+79901234890','Ставрополь','pavlov39','vladisPass','2024-12-26 04:19:02','2024-12-26 04:19:02'),(40,'Андреев','Константин','Викторович','+79012345901','Тверь','andreev40','kostasPass','2024-12-26 04:19:02','2024-12-26 04:19:02'),(41,'Коновалов','Евгений','Павлович','+79123456012','Севастополь','konovalov41','jenyasPass','2024-12-26 04:19:02','2024-12-26 04:19:02'),(42,'Зуев','Артем','Александрович','+79234567123','Симферополь','zuev42','artemsPass','2024-12-26 04:19:02','2024-12-26 04:19:02'),(43,'Петров','Олег','Сергеевич','+79345678234','Белгород','petrov43','olegsPass','2024-12-26 04:19:02','2024-12-26 04:19:02'),(44,'Соловьев','Никита','Анатольевич','+79456789345','Смоленск','solovyov44','nikitasPass','2024-12-26 04:19:02','2024-12-26 04:19:02'),(45,'Иванов','Игорь','Михайлович','+79567891456','Калуга','ivanov45','igorsPass','2024-12-26 04:19:02','2024-12-26 04:19:02'),(46,'Смирнов','Владимир','Алексеевич','+79678912567','Брянск','smirnov46','vladimsPass','2024-12-26 04:19:02','2024-12-26 04:19:02'),(47,'Кузнецов','Алексей','Юрьевич','+79789123678','Орёл','kuznetsov47','alexsPass','2024-12-26 04:19:02','2024-12-26 04:19:02'),(48,'Васильев','Сергей','Игоревич','+79891234789','Владимир','vasilev48','sergsPass','2024-12-26 04:19:02','2024-12-26 04:19:02'),(49,'Николаев','Павел','Константинович','+79901234890','Вологда','nikolaev49','pashasPass','2024-12-26 04:19:02','2024-12-26 04:19:02'),(50,'Зайцев','Дмитрий','Андреевич','+79012345901','Мурманск','zaytsev50','dimasPass','2024-12-26 04:19:02','2024-12-26 04:19:02');
/*!40000 ALTER TABLE `users` ENABLE KEYS */;
UNLOCK TABLES;
/*!40103 SET TIME_ZONE=@OLD_TIME_ZONE */;

/*!40101 SET SQL_MODE=@OLD_SQL_MODE */;
/*!40014 SET FOREIGN_KEY_CHECKS=@OLD_FOREIGN_KEY_CHECKS */;
/*!40014 SET UNIQUE_CHECKS=@OLD_UNIQUE_CHECKS */;
/*!40101 SET CHARACTER_SET_CLIENT=@OLD_CHARACTER_SET_CLIENT */;
/*!40101 SET CHARACTER_SET_RESULTS=@OLD_CHARACTER_SET_RESULTS */;
/*!40101 SET COLLATION_CONNECTION=@OLD_COLLATION_CONNECTION */;
/*!40111 SET SQL_NOTES=@OLD_SQL_NOTES */;

-- Dump completed on 2024-12-26  8:35:40
